"pec_int_pfk";"cam_qt_equideo";"cam_qt_bovino";"cam_qt_ovino";"cam_qt_caprino";"cam_qt_suino";"cam_qt_ave";"cam_pec_outro";"cam_qt_outro"
"172954";"";"";"";"";"";"";"";""
"172956";"";"";"";"";"";"";"";""
"172957";"";"";"";"";"";"";"";""
"172958";"";"";"";"";"";"";"";""
"172960";"";"";"";"";"";"";"";""
"172963";"";"";"";"";"";"";"";""
"172964";"";"";"";"";"";"";"";""
"172966";"";"";"";"";"";"";"";""
"172967";"";"";"";"";"";"";"";""
"172968";"";"";"";"";"";"";"";""
"172969";"";"";"";"";"";"";"";""
"172970";"";"";"";"";"";"";"";""
"172971";"";"";"";"";"";"";"";""
"172972";"";"";"";"";"";"";"";""
"172975";"";"";"";"";"";"";"";""
"172980";"";"";"";"";"";"";"";""
"172981";"2";"6";"10";"6";"8";"20";"";""
"172982";"2";"5";"0";"5";"0";"20";"";""
"172983";"1";"2";"0";"0";"0";"20";"";""
"172984";"0";"0";"0";"0";"0";"20";"";""
"172985";"";"";"";"";"";"";"";""
"172986";"";"";"";"";"";"";"";""
"172987";"3";"4";"2";"5";"5";"20";"";""
"172988";"";"";"";"";"";"";"";""
"172989";"";"";"";"";"";"";"";""
"172990";"";"";"";"";"";"";"";""
"172991";"1";"8";"0";"0";"0";"0";"";""
"172992";"0";"0";"0";"0";"0";"50";"";""
"172993";"";"";"";"";"";"";"";""
"172994";"";"";"";"";"";"";"";""
"172995";"0";"0";"0";"0";"0";"50";"";""
"172997";"";"";"";"";"";"";"";""
"172999";"";"";"";"";"";"";"";""
"173000";"";"";"";"";"";"";"";""
"173001";"";"";"";"";"";"";"";""
"173002";"";"";"";"";"";"";"";""
"173004";"";"";"";"";"";"";"";""
"173005";"";"";"";"";"";"";"";""
"173006";"";"";"";"";"";"";"";""
"173007";"";"";"";"";"";"";"";""
"173008";"";"";"";"";"";"";"";""
"173009";"";"";"";"";"";"";"";""
"173010";"";"";"";"";"";"";"";""
"173011";"";"";"";"";"";"";"";""
"173012";"";"";"";"";"";"";"";""
"173013";"";"";"";"";"";"";"";""
"173015";"";"";"";"";"";"";"";""
"173016";"";"";"";"";"";"";"";""
"173017";"";"";"";"";"";"";"";""
"173018";"";"";"";"";"";"";"";""
"173019";"";"";"";"";"";"";"";""
"173020";"";"";"";"";"";"";"";""
"173021";"";"";"";"";"";"";"";""
"173022";"";"";"";"";"";"";"";""
"173024";"3";"5";"0";"0";"0";"20";"";""
"173025";"1";"5";"4";"0";"0";"35";"";""
"173026";"0";"1";"0";"0";"0";"30";"";""
"173027";"2";"8";"0";"0";"0";"20";"";""
"173028";"3";"5";"4";"5";"1";"30";"";""
"173029";"";"";"";"";"";"";"";""
"173030";"0";"6";"0";"0";"0";"20";"";""
"173031";"0";"5";"0";"0";"0";"15";"";""
"173032";"";"";"";"";"";"";"";""
"173033";"";"";"";"";"";"";"";""
"173034";"0";"3";"15";"0";"0";"20";"";""
"173035";"0";"6";"20";"0";"0";"30";"";""
"173036";"";"";"";"";"";"";"";""
"173037";"";"";"";"";"";"";"";""
"173038";"";"";"";"";"";"";"";""
"173039";"0";"139";"0";"0";"0";"0";"";""
"173040";"80";"5";"27";"0";"0";"0";"";""
"173041";"";"";"";"";"";"";"";""
"173043";"";"";"";"";"";"";"";""
"173046";"";"";"";"";"";"";"";""
"173048";"";"";"";"";"";"";"";""
"173049";"";"";"";"";"";"";"";""
"173050";"";"";"";"";"";"";"";""
"173051";"";"";"";"";"";"";"";""
"173052";"";"";"";"";"";"";"";""
"173053";"";"";"";"";"";"";"";""
"173054";"";"";"";"";"";"";"";""
"173056";"";"";"";"";"";"";"";""
"173057";"";"";"";"";"";"";"";""
"173059";"";"";"";"";"";"";"";""
"173066";"";"";"";"";"";"";"";""
"173067";"";"";"";"";"";"";"";""
"173070";"";"";"";"";"";"";"";""
"173071";"";"";"";"";"";"";"";""
"173072";"";"";"";"";"";"";"";""
"173073";"";"";"";"";"";"";"";""
"173074";"";"";"";"";"";"";"";""
"173075";"2";"19";"0";"0";"0";"0";"";""
"173076";"";"";"";"";"";"";"";""
"173077";"0";"15";"0";"0";"0";"0";"";""
"173078";"1";"5";"0";"12";"0";"10";"";""
"173079";"1";"0";"0";"0";"0";"15";"";""
"173080";"0";"3";"15";"0";"14";"100";"";""
"173081";"0";"0";"0";"0";"0";"20";"";""
"173082";"";"";"";"";"";"";"";""
"173083";"0";"2";"0";"0";"0";"0";"";""
"173084";"5";"250";"0";"0";"0";"0";"";""
"173085";"125";"22";"0";"0";"0";"0";"";""
"173086";"";"";"";"";"";"";"";""
"173087";"";"";"";"";"";"";"";""
"173088";"";"";"";"";"";"";"";""
"173089";"";"";"";"";"";"";"";""
"173090";"";"";"";"";"";"";"";""
"173091";"2";"6";"0";"0";"21";"0";"";""
"173092";"20";"0";"0";"0";"0";"10";"";""
"173093";"25";"10";"0";"0";"0";"0";"";""
"173094";"";"";"";"";"";"";"";""
"173095";"50";"10";"30";"30";"10";"0";"";""
"173096";"0";"2";"4";"0";"0";"10";"";""
"173097";"2";"3";"0";"5";"0";"0";"";""
"173098";"";"";"";"";"";"";"";""
"173099";"";"";"";"";"";"";"";""
"173100";"";"";"";"";"";"";"";""
"173101";"";"";"";"";"";"";"";""
"173102";"";"";"";"";"";"";"";""
"173103";"";"";"";"";"";"";"";""
"173104";"";"";"";"";"";"";"";""
"173105";"";"";"";"";"";"";"";""
"173106";"";"";"";"";"";"";"";""
"173107";"";"";"";"";"";"";"";""
"173108";"0";"0";"0";"0";"5";"50";"";""
"173109";"0";"0";"0";"0";"5";"50";"";""
"173110";"";"";"";"";"";"";"";""
"173112";"";"";"";"";"";"";"";""
"173113";"";"";"";"";"";"";"";""
"173114";"";"";"";"";"";"";"";""
"173115";"";"";"";"";"";"";"";""
"173116";"";"";"";"";"";"";"";""
"173117";"";"";"";"";"";"";"";""
"173118";"";"";"";"";"";"";"";""
"173119";"";"";"";"";"";"";"";""
"173120";"";"";"";"";"";"";"";""
"173122";"";"";"";"";"";"";"";""
"173124";"";"";"";"";"";"";"";""
"173125";"";"";"";"";"";"";"";""
"173126";"";"";"";"";"";"";"";""
"173131";"";"";"";"";"";"";"";""
"173132";"";"";"";"";"";"";"";""
"173133";"";"";"";"";"";"";"";""
"173134";"";"";"";"";"";"";"";""
"173136";"";"";"";"";"";"";"";""
"173137";"";"";"";"";"";"";"";""
"173138";"";"";"";"";"";"";"";""
"173139";"";"";"";"";"";"";"";""
"173140";"";"";"";"";"";"";"";""
"173141";"";"";"";"";"";"";"";""
"173142";"";"";"";"";"";"";"";""
"173143";"";"";"";"";"";"";"";""
"173144";"";"";"";"";"";"";"";""
"173145";"";"";"";"";"";"";"";""
"173146";"";"";"";"";"";"";"";""
"173152";"";"";"";"";"";"";"";""
"173153";"";"";"";"";"";"";"";""
"173154";"0";"1";"0";"7";"0";"40";"";""
"173155";"0";"8";"0";"0";"0";"30";"";""
"173156";"5";"25";"0";"0";"8";"0";"";""
"173157";"8";"160";"30";"0";"0";"0";"";""
"173158";"2";"4";"1";"0";"0";"10";"";""
"173159";"0";"0";"0";"25";"0";"25";"";""
"173160";"";"";"";"";"";"";"";""
"173161";"";"";"";"";"";"";"";""
"173162";"";"";"";"";"";"";"";""
"173163";"2";"15";"0";"0";"0";"35";"";""
"173164";"0";"6";"0";"0";"4";"30";"";""
"173166";"";"";"";"";"";"";"";""
"173167";"5";"4";"0";"0";"0";"20";"";""
"173168";"7";"80";"30";"0";"0";"100";"";""
"173169";"";"";"";"";"";"";"";""
"173171";"2";"23";"0";"1";"1";"0";"";""
"173172";"0";"0";"0";"1";"0";"15";"";""
"173173";"";"";"";"";"";"";"";""
"173174";"";"";"";"";"";"";"";""
"173175";"";"";"";"";"";"";"";""
"173176";"";"";"";"";"";"";"";""
"173177";"";"";"";"";"";"";"";""
"173178";"";"";"";"";"";"";"";""
"173179";"";"";"";"";"";"";"";""
"173180";"";"";"";"";"";"";"";""
"173181";"";"";"";"";"";"";"";""
"173182";"5";"0";"0";"2";"0";"31";"";""
"173185";"";"";"";"";"";"";"";""
"173186";"";"";"";"";"";"";"";""
"173187";"";"";"";"";"";"";"";""
"173188";"2";"2";"2";"2";"3";"7";"";""
"173189";"1";"5";"0";"0";"0";"15";"";""
"173190";"5";"10";"5";"1";"3";"10";"";""
"173191";"";"";"";"";"";"";"";""
"173192";"0";"2";"0";"0";"0";"0";"";""
"173193";"2";"40";"0";"0";"0";"0";"";""
"173194";"0";"2";"20";"0";"0";"0";"";""
"173195";"1";"0";"0";"0";"0";"0";"";""
"173196";"";"";"";"";"";"";"";""
"173197";"1";"5";"0";"0";"5";"0";"";""
"173198";"";"";"";"";"";"";"";""
"173199";"0";"3";"0";"0";"0";"70";"";""
"173200";"0";"0";"0";"2";"0";"5";"";""
"173202";"";"";"";"";"";"";"";""
"173203";"1";"0";"0";"0";"0";"50";"";""
"173204";"0";"1";"0";"0";"0";"10";"";""
"173205";"";"";"";"";"";"";"";""
"173206";"";"";"";"";"";"";"";""
"173207";"";"";"";"";"";"";"";""
"173208";"0";"3";"0";"0";"0";"0";"";""
"173209";"";"";"";"";"";"";"";""
"173210";"0";"4";"0";"0";"0";"16";"";""
"173211";"";"";"";"";"";"";"";""
"173212";"";"";"";"";"";"";"";""
"173213";"";"";"";"";"";"";"";""
"173214";"";"";"";"";"";"";"";""
"173215";"1";"0";"0";"0";"0";"5";"";""
"173216";"";"";"";"";"";"";"";""
"173217";"";"";"";"";"";"";"";""
"173218";"";"";"";"";"";"";"";""
"173219";"";"";"";"";"";"";"";""
"173220";"";"";"";"";"";"";"";""
"173221";"";"";"";"";"";"";"";""
"173222";"";"";"";"";"";"";"";""
"173223";"";"";"";"";"";"";"";""
"173224";"";"";"";"";"";"";"";""
"173225";"";"";"";"";"";"";"";""
"173226";"";"";"";"";"";"";"";""
"173227";"";"";"";"";"";"";"";""
"173228";"";"";"";"";"";"";"";""
"173229";"";"";"";"";"";"";"";""
"173230";"";"";"";"";"";"";"";""
"173232";"0";"2";"20";"0";"0";"30";"";""
"173233";"";"";"";"";"";"";"";""
"173234";"0";"10";"0";"0";"0";"0";"";""
"173235";"";"";"";"";"";"";"";""
"173236";"";"";"";"";"";"";"";""
"173237";"";"";"";"";"";"";"";""
"173238";"1";"0";"0";"2";"0";"0";"";""
"173239";"";"";"";"";"";"";"";""
"173240";"";"";"";"";"";"";"";""
"173241";"";"";"";"";"";"";"";""
"173242";"";"";"";"";"";"";"";""
"173243";"";"";"";"";"";"";"";""
"173246";"";"";"";"";"";"";"";""
"173247";"";"";"";"";"";"";"";""
"173248";"";"";"";"";"";"";"";""
"173249";"";"";"";"";"";"";"";""
"173250";"";"";"";"";"";"";"";""
"173251";"";"";"";"";"";"";"";""
"173252";"";"";"";"";"";"";"";""
"173253";"";"";"";"";"";"";"";""
"173254";"4";"60";"50";"0";"60";"30";"";""
"173255";"";"";"";"";"";"";"";""
"173257";"";"";"";"";"";"";"";""
"173260";"";"";"";"";"";"";"";""
"173261";"";"";"";"";"";"";"";""
"173262";"";"";"";"";"";"";"";""
"173263";"";"";"";"";"";"";"";""
"173264";"";"";"";"";"";"";"";""
"173265";"";"";"";"";"";"";"";""
"173266";"";"";"";"";"";"";"";""
"173267";"";"";"";"";"";"";"";""
"173268";"";"";"";"";"";"";"";""
"173269";"";"";"";"";"";"";"";""
"173270";"";"";"";"";"";"";"";""
"173271";"0";"0";"0";"0";"0";"30";"";""
"173272";"0";"0";"10";"0";"0";"10";"";""
"173273";"";"";"";"";"";"";"";""
"173274";"0";"10";"0";"0";"0";"0";"";""
"173276";"0";"0";"3";"5";"0";"15";"";""
"173277";"0";"0";"14";"5";"0";"20";"";""
"173278";"";"";"";"";"";"";"";""
"173279";"";"";"";"";"";"";"";""
"173282";"";"";"";"";"";"";"";""
"173283";"";"";"";"";"";"";"";""
"173284";"";"";"";"";"";"";"";""
"173286";"";"";"";"";"";"";"";""
"173287";"";"";"";"";"";"";"";""
"173288";"";"";"";"";"";"";"";""
"173291";"";"";"";"";"";"";"";""
"173293";"";"";"";"";"";"";"";""
"173294";"";"";"";"";"";"";"";""
"173295";"";"";"";"";"";"";"";""
"173296";"";"";"";"";"";"";"";""
"173297";"";"";"";"";"";"";"";""
"173298";"";"";"";"";"";"";"";""
"173299";"";"";"";"";"";"";"";""
"173300";"0";"0";"0";"0";"0";"32";"";""
"173301";"";"";"";"";"";"";"";""
"173305";"";"";"";"";"";"";"";""
"173306";"";"";"";"";"";"";"";""
"173307";"";"";"";"";"";"";"";""
"173308";"";"";"";"";"";"";"";""
"173309";"";"";"";"";"";"";"";""
"173311";"1";"0";"0";"3";"0";"16";"";""
"173312";"";"";"";"";"";"";"";""
"173313";"";"";"";"";"";"";"";""
"173314";"";"";"";"";"";"";"";""
"173315";"";"";"";"";"";"";"";""
"173316";"";"";"";"";"";"";"";""
"173317";"";"";"";"";"";"";"";""
"173318";"";"";"";"";"";"";"";""
"173319";"";"";"";"";"";"";"";""
"173320";"0";"5";"0";"0";"0";"0";"";""
"173321";"";"";"";"";"";"";"";""
"173322";"0";"0";"0";"0";"0";"20";"";""
"173323";"";"";"";"";"";"";"";""
"173324";"";"";"";"";"";"";"";""
"173325";"";"";"";"";"";"";"";""
"173326";"";"";"";"";"";"";"";""
"173327";"0";"0";"0";"0";"0";"70";"";""
"173328";"";"";"";"";"";"";"";""
"173329";"1";"2";"0";"0";"0";"15";"";""
"173330";"2";"14";"0";"0";"0";"0";"";""
"173331";"";"";"";"";"";"";"";""
"173332";"0";"0";"2";"0";"0";"0";"";""
"173333";"";"";"";"";"";"";"";""
"173334";"";"";"";"";"";"";"";""
"173338";"";"";"";"";"";"";"";""
"173339";"";"";"";"";"";"";"";""
"173340";"";"";"";"";"";"";"";""
"173341";"";"";"";"";"";"";"";""
"173342";"";"";"";"";"";"";"";""
"173343";"0";"0";"0";"0";"15";"10";"";""
"173346";"";"";"";"";"";"";"";""
"173347";"";"";"";"";"";"";"";""
"173349";"";"";"";"";"";"";"";""
"173350";"";"";"";"";"";"";"";""
"173351";"";"";"";"";"";"";"";""
"173352";"";"";"";"";"";"";"";""
"173353";"";"";"";"";"";"";"";""
"173354";"";"";"";"";"";"";"";""
"173355";"1";"4";"0";"0";"0";"0";"";""
"173356";"";"";"";"";"";"";"";""
"173357";"";"";"";"";"";"";"";""
"173358";"";"";"";"";"";"";"";""
"173359";"";"";"";"";"";"";"";""
"173360";"";"";"";"";"";"";"";""
"173361";"";"";"";"";"";"";"";""
"173363";"";"";"";"";"";"";"";""
"173364";"";"";"";"";"";"";"";""
"173365";"";"";"";"";"";"";"";""
"173366";"";"";"";"";"";"";"";""
"173367";"";"";"";"";"";"";"";""
"173368";"";"";"";"";"";"";"";""
"173369";"";"";"";"";"";"";"";""
"173370";"";"";"";"";"";"";"";""
"173371";"0";"4";"0";"0";"0";"15";"";""
"173372";"2";"2";"0";"0";"0";"20";"";""
"173374";"0";"4";"0";"0";"0";"17";"";""
"173375";"0";"0";"0";"0";"0";"25";"";""
"173376";"";"";"";"";"";"";"";""
"173377";"";"";"";"";"";"";"";""
"173378";"";"";"";"";"";"";"";""
"173379";"";"";"";"";"";"";"";""
"173380";"";"";"";"";"";"";"";""
"173383";"";"";"";"";"";"";"";""
"173384";"";"";"";"";"";"";"";""
"173385";"";"";"";"";"";"";"";""
"173386";"";"";"";"";"";"";"";""
"173388";"";"";"";"";"";"";"";""
"173389";"";"";"";"";"";"";"";""
"173391";"0";"0";"0";"0";"5";"0";"";""
"173392";"";"";"";"";"";"";"";""
"173393";"";"";"";"";"";"";"";""
"173394";"";"";"";"";"";"";"";""
"173395";"";"";"";"";"";"";"";""
"173396";"";"";"";"";"";"";"";""
"173397";"";"";"";"";"";"";"";""
"173398";"";"";"";"";"";"";"";""
"173399";"";"";"";"";"";"";"";""
"173401";"";"";"";"";"";"";"";""
"173402";"";"";"";"";"";"";"";""
"173403";"5";"20";"0";"0";"10";"35";"";""
"173404";"";"";"";"";"";"";"";""
"173405";"";"";"";"";"";"";"";""
"173406";"";"";"";"";"";"";"";""
"173408";"";"";"";"";"";"";"";""
"173409";"";"";"";"";"";"";"";""
"173410";"";"";"";"";"";"";"";""
"173413";"4";"12";"0";"0";"0";"20";"";""
"173416";"";"";"";"";"";"";"";""
"173417";"1";"3";"0";"0";"0";"0";"";""
"173418";"1";"15";"0";"0";"8";"0";"";""
"173419";"";"";"";"";"";"";"";""
"173420";"0";"5";"0";"0";"0";"4";"";""
"173421";"";"";"";"";"";"";"";""
"173422";"";"";"";"";"";"";"";""
"173423";"";"";"";"";"";"";"";""
"173424";"";"";"";"";"";"";"";""
"173426";"";"";"";"";"";"";"";""
"173427";"";"";"";"";"";"";"";""
"173428";"1";"10";"0";"3";"0";"15";"";""
"173429";"";"";"";"";"";"";"";""
"173430";"";"";"";"";"";"";"";""
"173431";"";"";"";"";"";"";"";""
"173432";"";"";"";"";"";"";"";""
"173433";"";"";"";"";"";"";"";""
"173434";"";"";"";"";"";"";"";""
"173435";"";"";"";"";"";"";"";""
"173436";"";"";"";"";"";"";"";""
"173437";"";"";"";"";"";"";"";""
"173438";"";"";"";"";"";"";"";""
"173439";"";"";"";"";"";"";"";""
"173440";"";"";"";"";"";"";"";""
"173441";"";"";"";"";"";"";"";""
"173442";"";"";"";"";"";"";"";""
"173443";"";"";"";"";"";"";"";""
"173444";"";"";"";"";"";"";"";""
"173445";"";"";"";"";"";"";"";""
"173446";"";"";"";"";"";"";"";""
"173447";"8";"1";"0";"1";"0";"0";"";""
"173448";"";"";"";"";"";"";"";""
"173449";"";"";"";"";"";"";"";""
"173450";"0";"2";"0";"0";"0";"0";"";""
"173451";"4";"58";"0";"0";"0";"0";"";""
"173452";"";"";"";"";"";"";"";""
"173453";"";"";"";"";"";"";"";""
"173454";"";"";"";"";"";"";"";""
"173455";"2";"2";"0";"0";"2";"15";"";""
"173456";"";"";"";"";"";"";"";""
"173457";"2";"0";"0";"0";"5";"19";"";""
"173458";"";"";"";"";"";"";"";""
"173459";"";"";"";"";"";"";"";""
"173460";"";"";"";"";"";"";"";""
"173461";"";"";"";"";"";"";"";""
"173462";"";"";"";"";"";"";"";""
"173463";"";"";"";"";"";"";"";""
"173464";"";"";"";"";"";"";"";""
"173465";"0";"2";"0";"0";"0";"10";"";""
"173467";"0";"4";"0";"0";"0";"0";"";""
"173468";"";"";"";"";"";"";"";""
"173469";"";"";"";"";"";"";"";""
"173470";"";"";"";"";"";"";"";""
"173471";"";"";"";"";"";"";"";""
"173472";"";"";"";"";"";"";"";""
"173473";"";"";"";"";"";"";"";""
"173474";"";"";"";"";"";"";"";""
"173475";"";"";"";"";"";"";"";""
"173476";"";"";"";"";"";"";"";""
"173477";"";"";"";"";"";"";"";""
"173478";"";"";"";"";"";"";"";""
"173479";"";"";"";"";"";"";"";""
"173480";"";"";"";"";"";"";"";""
"173481";"";"";"";"";"";"";"";""
"173482";"";"";"";"";"";"";"";""
"173483";"";"";"";"";"";"";"";""
"173484";"";"";"";"";"";"";"";""
"173485";"";"";"";"";"";"";"";""
"173486";"";"";"";"";"";"";"";""
"173487";"";"";"";"";"";"";"";""
"173490";"";"";"";"";"";"";"";""
"173491";"";"";"";"";"";"";"";""
"173492";"";"";"";"";"";"";"";""
"173493";"1";"12";"6";"0";"15";"25";"";""
"173494";"3";"7";"8";"0";"0";"0";"";""
"173495";"";"";"";"";"";"";"";""
"173496";"";"";"";"";"";"";"";""
"173497";"0";"0";"0";"9";"0";"0";"";""
"173499";"";"";"";"";"";"";"";""
"173501";"";"";"";"";"";"";"";""
"173503";"";"";"";"";"";"";"";""
"173506";"";"";"";"";"";"";"";""
"173507";"";"";"";"";"";"";"";""
"173508";"";"";"";"";"";"";"";""
"173509";"";"";"";"";"";"";"";""
"173510";"";"";"";"";"";"";"";""
"173511";"";"";"";"";"";"";"";""
"173512";"";"";"";"";"";"";"";""
"173513";"";"";"";"";"";"";"";""
"173514";"";"";"";"";"";"";"";""
"173515";"";"";"";"";"";"";"";""
"173519";"";"";"";"";"";"";"";""
"173520";"";"";"";"";"";"";"";""
"173521";"";"";"";"";"";"";"";""
"173546";"4";"15";"15";"0";"0";"50";"";""
"173547";"";"";"";"";"";"";"";""
"173548";"";"";"";"";"";"";"";""
"173549";"";"";"";"";"";"";"";""
"173550";"";"";"";"";"";"";"";""
"173551";"";"";"";"";"";"";"";""
"173552";"";"";"";"";"";"";"";""
"173553";"";"";"";"";"";"";"";""
"173555";"";"";"";"";"";"";"";""
"173558";"";"";"";"";"";"";"";""
"173559";"80";"15";"0";"0";"0";"60";"";""
"173560";"";"";"";"";"";"";"";""
"173570";"";"";"";"";"";"";"";""
"173571";"";"";"";"";"";"";"";""
"173575";"";"";"";"";"";"";"";""
"173577";"";"";"";"";"";"";"";""
"173578";"";"";"";"";"";"";"";""
"173581";"";"";"";"";"";"";"";""
"173583";"";"";"";"";"";"";"";""
"173584";"";"";"";"";"";"";"";""
"173586";"";"";"";"";"";"";"";""
"173588";"";"";"";"";"";"";"";""
"173589";"";"";"";"";"";"";"";""
"173590";"";"";"";"";"";"";"";""
"173592";"";"";"";"";"";"";"";""
"173593";"";"";"";"";"";"";"";""
"173594";"";"";"";"";"";"";"";""
"173595";"0";"6";"0";"0";"5";"0";"";""
"173596";"0";"23";"0";"0";"0";"45";"";""
"173597";"";"";"";"";"";"";"";""
"173598";"";"";"";"";"";"";"";""
"173599";"";"";"";"";"";"";"";""
"173600";"12";"10";"15";"0";"2";"50";"";""
"173601";"";"";"";"";"";"";"";""
"173602";"";"";"";"";"";"";"";""
"173603";"";"";"";"";"";"";"";""
"173604";"";"";"";"";"";"";"";""
"173605";"";"";"";"";"";"";"";""
"173606";"";"";"";"";"";"";"";""
"173607";"";"";"";"";"";"";"";""
"173608";"";"";"";"";"";"";"";""
"173609";"";"";"";"";"";"";"";""
"173611";"";"";"";"";"";"";"";""
"173612";"";"";"";"";"";"";"";""
"173613";"";"";"";"";"";"";"";""
"173614";"";"";"";"";"";"";"";""
"173615";"";"";"";"";"";"";"";""
"173616";"";"";"";"";"";"";"";""
"173617";"";"";"";"";"";"";"";""
"173618";"";"";"";"";"";"";"";""
"173619";"";"";"";"";"";"";"";""
"173620";"";"";"";"";"";"";"";""
"173621";"";"";"";"";"";"";"";""
"173622";"";"";"";"";"";"";"";""
"173623";"";"";"";"";"";"";"";""
"173624";"";"";"";"";"";"";"";""
"173625";"";"";"";"";"";"";"";""
"173626";"";"";"";"";"";"";"";""
"173628";"";"";"";"";"";"";"";""
"173629";"";"";"";"";"";"";"";""
"173630";"";"";"";"";"";"";"";""
"173631";"";"";"";"";"";"";"";""
"173632";"";"";"";"";"";"";"";""
"173633";"";"";"";"";"";"";"";""
"173634";"";"";"";"";"";"";"";""
"173635";"0";"0";"0";"0";"70";"0";"";""
"173636";"";"";"";"";"";"";"";""
"173637";"";"";"";"";"";"";"";""
"173638";"";"";"";"";"";"";"";""
"173639";"";"";"";"";"";"";"";""
"173640";"";"";"";"";"";"";"";""
"173641";"";"";"";"";"";"";"";""
"173642";"";"";"";"";"";"";"";""
"173643";"";"";"";"";"";"";"";""
"173644";"";"";"";"";"";"";"";""
"173645";"";"";"";"";"";"";"";""
"173646";"";"";"";"";"";"";"";""
"173647";"0";"6";"0";"5";"0";"10";"";""
"173648";"0";"0";"0";"150";"0";"0";"";""
"173649";"";"";"";"";"";"";"";""
"173650";"";"";"";"";"";"";"";""
"173651";"";"";"";"";"";"";"";""
"173652";"";"";"";"";"";"";"";""
"173653";"";"";"";"";"";"";"";""
"173654";"";"";"";"";"";"";"";""
"173655";"8";"0";"0";"0";"0";"0";"";""
"173656";"4";"4";"8";"0";"0";"15";"";""
"173657";"10";"50";"0";"0";"0";"20";"";""
"173658";"";"";"";"";"";"";"";""
"173659";"";"";"";"";"";"";"";""
"173660";"7";"45";"20";"0";"0";"0";"";""
"173661";"7";"45";"20";"0";"0";"0";"";""
"173662";"7";"45";"20";"0";"0";"0";"";""
"173663";"";"";"";"";"";"";"";""
"173664";"";"";"";"";"";"";"";""
"173665";"";"";"";"";"";"";"";""
"173666";"";"";"";"";"";"";"";""
"173667";"";"";"";"";"";"";"";""
"173668";"";"";"";"";"";"";"";""
"173669";"";"";"";"";"";"";"";""
"173670";"";"";"";"";"";"";"";""
"173671";"";"";"";"";"";"";"";""
"173672";"0";"11";"0";"0";"0";"0";"";""
"173673";"0";"11";"0";"0";"0";"0";"";""
"173674";"0";"11";"0";"0";"0";"0";"";""
"173675";"0";"11";"0";"0";"0";"0";"";""
"173676";"";"";"";"";"";"";"";""
"173679";"";"";"";"";"";"";"";""
"173680";"";"";"";"";"";"";"";""
"173681";"";"";"";"";"";"";"";""
"173682";"";"";"";"";"";"";"";""
"173683";"";"";"";"";"";"";"";""
"173684";"";"";"";"";"";"";"";""
"173685";"";"";"";"";"";"";"";""
"173686";"";"";"";"";"";"";"";""
"173687";"";"";"";"";"";"";"";""
"173688";"";"";"";"";"";"";"";""
"173689";"";"";"";"";"";"";"";""
"173690";"";"";"";"";"";"";"";""
"173691";"";"";"";"";"";"";"";""
"173692";"";"";"";"";"";"";"";""
"173693";"";"";"";"";"";"";"";""
"173694";"95";"80";"0";"0";"0";"0";"";""
"173695";"7";"15";"12";"7";"7";"40";"";""
"173696";"1";"5";"0";"0";"0";"0";"";""
"173698";"";"";"";"";"";"";"";""
"173699";"";"";"";"";"";"";"";""
"173700";"";"";"";"";"";"";"";""
"173703";"";"";"";"";"";"";"";""
"173704";"";"";"";"";"";"";"";""
"173705";"";"";"";"";"";"";"";""
"173706";"";"";"";"";"";"";"";""
"173707";"";"";"";"";"";"";"";""
"173708";"";"";"";"";"";"";"";""
"173709";"";"";"";"";"";"";"";""
"173710";"";"";"";"";"";"";"";""
"173711";"";"";"";"";"";"";"";""
"173713";"";"";"";"";"";"";"";""
"173715";"";"";"";"";"";"";"";""
"173717";"0";"0";"0";"28";"0";"5";"";""
"173718";"0";"4";"0";"0";"0";"0";"";""
"173719";"";"";"";"";"";"";"";""
"173720";"";"";"";"";"";"";"";""
"173721";"";"";"";"";"";"";"";""
"173722";"0";"3";"0";"0";"0";"0";"";""
"173723";"0";"3";"0";"0";"0";"10";"";""
"173724";"1";"2";"4";"0";"0";"0";"";""
"173725";"0";"7";"0";"2";"6";"8";"";""
"173726";"0";"2";"0";"0";"0";"30";"";""
"173727";"";"";"";"";"";"";"";""
"173728";"";"";"";"";"";"";"";""
"173729";"";"";"";"";"";"";"";""
"173730";"0";"3";"0";"0";"0";"0";"";""
"173732";"";"";"";"";"";"";"";""
"173733";"";"";"";"";"";"";"";""
"173734";"";"";"";"";"";"";"";""
"173737";"";"";"";"";"";"";"";""
"173739";"";"";"";"";"";"";"";""
"173741";"";"";"";"";"";"";"";""
"173742";"";"";"";"";"";"";"";""
"173744";"";"";"";"";"";"";"";""
"173745";"";"";"";"";"";"";"";""
"173747";"";"";"";"";"";"";"";""
"173748";"";"";"";"";"";"";"";""
"173749";"";"";"";"";"";"";"";""
"173750";"";"";"";"";"";"";"";""
"173751";"38";"0";"0";"0";"0";"0";"";""
"173752";"1";"0";"0";"0";"0";"0";"";""
"173753";"";"";"";"";"";"";"";""
"173754";"";"";"";"";"";"";"";""
"173755";"";"";"";"";"";"";"";""
"173756";"";"";"";"";"";"";"";""
"173757";"1";"3";"2";"0";"5";"3";"";""
"173758";"";"";"";"";"";"";"";""
"173759";"";"";"";"";"";"";"";""
"173760";"";"";"";"";"";"";"";""
"173763";"0";"12";"0";"0";"0";"0";"";""
"173764";"0";"12";"0";"0";"0";"0";"";""
"173765";"";"";"";"";"";"";"";""
"173766";"";"";"";"";"";"";"";""
"173767";"";"";"";"";"";"";"";""
"173768";"";"";"";"";"";"";"";""
"173769";"";"";"";"";"";"";"";""
"173770";"4";"2";"0";"0";"0";"37";"";""
"173771";"7";"0";"0";"0";"0";"0";"";""
"173773";"";"";"";"";"";"";"";""
"173775";"";"";"";"";"";"";"";""
"173776";"";"";"";"";"";"";"";""
"173778";"1";"6";"0";"0";"0";"2";"";""
"173779";"";"";"";"";"";"";"";""
"173780";"";"";"";"";"";"";"";""
"173781";"";"";"";"";"";"";"";""
"173783";"";"";"";"";"";"";"";""
"173788";"0";"15";"0";"0";"0";"0";"";""
"173789";"";"";"";"";"";"";"";""
"173790";"1";"10";"0";"0";"0";"15";"";""
"173791";"";"";"";"";"";"";"";""
"173792";"0";"8";"0";"0";"6";"0";"";""
"173793";"";"";"";"";"";"";"";""
"173796";"";"";"";"";"";"";"";""
"173797";"";"";"";"";"";"";"";""
"173798";"";"";"";"";"";"";"";""
"173799";"";"";"";"";"";"";"";""
"173800";"";"";"";"";"";"";"";""
"173801";"";"";"";"";"";"";"";""
"173802";"";"";"";"";"";"";"";""
"173803";"";"";"";"";"";"";"";""
"173804";"";"";"";"";"";"";"";""
"173806";"";"";"";"";"";"";"";""
"173808";"";"";"";"";"";"";"";""
"173809";"";"";"";"";"";"";"";""
"173811";"";"";"";"";"";"";"";""
"173812";"";"";"";"";"";"";"";""
"173814";"";"";"";"";"";"";"";""
"173816";"";"";"";"";"";"";"";""
"173817";"";"";"";"";"";"";"";""
"173818";"";"";"";"";"";"";"";""
"173820";"";"";"";"";"";"";"";""
"173821";"";"";"";"";"";"";"";""
"173822";"";"";"";"";"";"";"";""
"173823";"";"";"";"";"";"";"";""
"173824";"";"";"";"";"";"";"";""
"173825";"";"";"";"";"";"";"";""
"173826";"";"";"";"";"";"";"";""
"173827";"";"";"";"";"";"";"";""
"173828";"";"";"";"";"";"";"";""
"173829";"";"";"";"";"";"";"";""
"173830";"";"";"";"";"";"";"";""
"173831";"";"";"";"";"";"";"";""
"173832";"7";"0";"0";"0";"0";"0";"";""
"173833";"";"";"";"";"";"";"";""
"173834";"";"";"";"";"";"";"";""
"173835";"8";"320";"0";"0";"0";"100";"";""
"173836";"";"";"";"";"";"";"";""
"173837";"";"";"";"";"";"";"";""
"173838";"";"";"";"";"";"";"";""
"173839";"";"";"";"";"";"";"";""
"173840";"";"";"";"";"";"";"";""
"173841";"0";"3";"0";"0";"0";"50";"";""
"173842";"0";"2";"0";"0";"0";"0";"";""
"173843";"0";"2";"0";"0";"0";"12";"";""
"173844";"";"";"";"";"";"";"";""
"173845";"";"";"";"";"";"";"";""
"173846";"";"";"";"";"";"";"";""
"173847";"";"";"";"";"";"";"";""
"173848";"";"";"";"";"";"";"";""
"173849";"";"";"";"";"";"";"";""
"173850";"";"";"";"";"";"";"";""
"173851";"";"";"";"";"";"";"";""
"173852";"";"";"";"";"";"";"";""
"173853";"";"";"";"";"";"";"";""
"173854";"";"";"";"";"";"";"";""
"173855";"";"";"";"";"";"";"";""
"173856";"";"";"";"";"";"";"";""
"173857";"";"";"";"";"";"";"";""
"173858";"";"";"";"";"";"";"";""
"173859";"";"";"";"";"";"";"";""
"173860";"";"";"";"";"";"";"";""
"173861";"";"";"";"";"";"";"";""
"173862";"0";"1";"0";"0";"0";"0";"";""
"173863";"";"";"";"";"";"";"";""
"173864";"";"";"";"";"";"";"";""
"173865";"";"";"";"";"";"";"";""
"173866";"2";"0";"0";"0";"0";"10";"";""
"173867";"0";"10";"0";"5";"0";"20";"";""
"173868";"";"";"";"";"";"";"";""
"173869";"";"";"";"";"";"";"";""
"173870";"";"";"";"";"";"";"";""
"173871";"";"";"";"";"";"";"";""
"173872";"";"";"";"";"";"";"";""
"173873";"";"";"";"";"";"";"";""
"173875";"";"";"";"";"";"";"";""
"173879";"";"";"";"";"";"";"";""
"173880";"";"";"";"";"";"";"";""
"173881";"";"";"";"";"";"";"";""
"173882";"";"";"";"";"";"";"";""
"173883";"";"";"";"";"";"";"";""
"173884";"";"";"";"";"";"";"";""
"173885";"";"";"";"";"";"";"";""
"173888";"";"";"";"";"";"";"";""
"173890";"";"";"";"";"";"";"";""
"173893";"0";"7";"0";"0";"0";"15";"";""
"173894";"";"";"";"";"";"";"";""
"173895";"";"";"";"";"";"";"";""
"173896";"0";"2";"0";"0";"0";"2";"";""
"173897";"4";"12";"0";"0";"0";"7";"";""
"173898";"0";"2";"20";"0";"0";"20";"";""
"173899";"13";"0";"6";"0";"0";"7";"";""
"173900";"";"";"";"";"";"";"";""
"173901";"";"";"";"";"";"";"";""
"173902";"";"";"";"";"";"";"";""
"173903";"";"";"";"";"";"";"";""
"173904";"";"";"";"";"";"";"";""
"173905";"";"";"";"";"";"";"";""
"173906";"";"";"";"";"";"";"";""
"173907";"";"";"";"";"";"";"";""
"173910";"";"";"";"";"";"";"";""
"173911";"";"";"";"";"";"";"";""
"173912";"";"";"";"";"";"";"";""
"173913";"";"";"";"";"";"";"";""
"173914";"";"";"";"";"";"";"";""
"173915";"";"";"";"";"";"";"";""
"173916";"";"";"";"";"";"";"";""
"173917";"";"";"";"";"";"";"";""
"173918";"";"";"";"";"";"";"";""
"173919";"";"";"";"";"";"";"";""
"173920";"";"";"";"";"";"";"";""
"173921";"";"";"";"";"";"";"";""
"173922";"";"";"";"";"";"";"";""
"173924";"";"";"";"";"";"";"";""
"173925";"";"";"";"";"";"";"";""
"173926";"";"";"";"";"";"";"";""
"173927";"";"";"";"";"";"";"";""
"173928";"";"";"";"";"";"";"";""
"173929";"";"";"";"";"";"";"";""
"173933";"";"";"";"";"";"";"";""
"173934";"";"";"";"";"";"";"";""
"173935";"0";"0";"0";"12";"0";"0";"";""
"173936";"10";"0";"0";"2";"0";"0";"";""
"173937";"6";"0";"0";"0";"0";"50";"";""
"173938";"0";"7";"0";"0";"0";"0";"";""
"173939";"0";"10";"0";"2";"0";"15";"";""
"173940";"";"";"";"";"";"";"";""
"173941";"320";"4";"0";"0";"0";"20";"";""
"173942";"";"";"";"";"";"";"";""
"173943";"";"";"";"";"";"";"";""
"173948";"";"";"";"";"";"";"";""
"173949";"";"";"";"";"";"";"";""
"173951";"";"";"";"";"";"";"";""
"173954";"";"";"";"";"";"";"";""
"173955";"";"";"";"";"";"";"";""
"173956";"";"";"";"";"";"";"";""
"173957";"";"";"";"";"";"";"";""
"173958";"";"";"";"";"";"";"";""
"173959";"";"";"";"";"";"";"";""
"173960";"";"";"";"";"";"";"";""
"173961";"";"";"";"";"";"";"";""
"173962";"";"";"";"";"";"";"";""
"173963";"0";"6";"0";"0";"0";"0";"";""
"173964";"1";"4";"0";"0";"0";"20";"";""
"173968";"";"";"";"";"";"";"";""
"173969";"";"";"";"";"";"";"";""
"173970";"";"";"";"";"";"";"";""
"173971";"";"";"";"";"";"";"";""
"173972";"";"";"";"";"";"";"";""
"173973";"";"";"";"";"";"";"";""
"173974";"";"";"";"";"";"";"";""
"173975";"";"";"";"";"";"";"";""
"173976";"";"";"";"";"";"";"";""
"173977";"";"";"";"";"";"";"";""
"173978";"";"";"";"";"";"";"";""
"173979";"0";"7";"2";"10";"0";"30";"";""
"173980";"";"";"";"";"";"";"";""
"173981";"";"";"";"";"";"";"";""
"173982";"";"";"";"";"";"";"";""
"173983";"0";"0";"5";"0";"0";"3";"";""
"173984";"0";"0";"0";"0";"2";"10";"";""
"173985";"3";"0";"20";"5";"0";"15";"";""
"173986";"";"";"";"";"";"";"";""
"173987";"";"";"";"";"";"";"";""
"173988";"";"";"";"";"";"";"";""
"173989";"";"";"";"";"";"";"";""
"173990";"";"";"";"";"";"";"";""
"173991";"";"";"";"";"";"";"";""
"173992";"";"";"";"";"";"";"";""
"173993";"";"";"";"";"";"";"";""
"173994";"";"";"";"";"";"";"";""
"173995";"";"";"";"";"";"";"";""
"173997";"";"";"";"";"";"";"";""
"174000";"0";"4";"0";"0";"0";"50";"";""
"174001";"0";"0";"0";"7";"0";"0";"";""
"174002";"";"";"";"";"";"";"";""
"174004";"";"";"";"";"";"";"";""
"174005";"";"";"";"";"";"";"";""
"174006";"0";"7";"0";"1";"0";"0";"";""
"174007";"1";"8";"0";"0";"0";"10";"";""
"174008";"";"";"";"";"";"";"";""
"174009";"";"";"";"";"";"";"";""
"174010";"0";"4";"3";"0";"0";"10";"";""
"174011";"3";"2";"0";"0";"0";"13";"";""
"174012";"0";"14";"0";"0";"0";"10";"";""
"174013";"1";"0";"0";"0";"0";"0";"";""
"174014";"";"";"";"";"";"";"";""
"174015";"";"";"";"";"";"";"";""
"174016";"";"";"";"";"";"";"";""
"174017";"";"";"";"";"";"";"";""
"174019";"1";"0";"0";"0";"0";"21";"";""
"174020";"0";"6";"0";"0";"0";"0";"";""
"174021";"";"";"";"";"";"";"";""
"174022";"";"";"";"";"";"";"";""
"174023";"";"";"";"";"";"";"";""
"174024";"";"";"";"";"";"";"";""
"174025";"";"";"";"";"";"";"";""
"174026";"";"";"";"";"";"";"";""
"174027";"";"";"";"";"";"";"";""
"174028";"";"";"";"";"";"";"";""
"174030";"";"";"";"";"";"";"";""
"174031";"";"";"";"";"";"";"";""
"174034";"";"";"";"";"";"";"";""
"174037";"";"";"";"";"";"";"";""
"174038";"0";"30";"0";"0";"0";"0";"";""
"174039";"";"";"";"";"";"";"";""
"174040";"";"";"";"";"";"";"";""
"174041";"0";"0";"0";"0";"0";"18";"";""
"174043";"";"";"";"";"";"";"";""
"174045";"";"";"";"";"";"";"";""
"174051";"";"";"";"";"";"";"";""
"174052";"";"";"";"";"";"";"";""
"174053";"0";"0";"0";"0";"0";"40";"";""
"174054";"";"";"";"";"";"";"";""
"174055";"";"";"";"";"";"";"";""
"174056";"0";"2";"6";"0";"0";"50";"";""
"174059";"";"";"";"";"";"";"";""
"174061";"";"";"";"";"";"";"";""
"174063";"";"";"";"";"";"";"";""
"174065";"";"";"";"";"";"";"";""
"174066";"";"";"";"";"";"";"";""
"174067";"";"";"";"";"";"";"";""
"174068";"";"";"";"";"";"";"";""
"174069";"";"";"";"";"";"";"";""
"174071";"";"";"";"";"";"";"";""
"174072";"";"";"";"";"";"";"";""
"174073";"";"";"";"";"";"";"";""
"174074";"";"";"";"";"";"";"";""
"174075";"";"";"";"";"";"";"";""
"174076";"0";"0";"10";"5";"0";"20";"";""
"174077";"0";"0";"0";"0";"0";"40";"";""
"174078";"2";"76";"120";"0";"20";"20000";"";""
"174079";"";"";"";"";"";"";"";""
"174080";"";"";"";"";"";"";"";""
"174081";"";"";"";"";"";"";"";""
"174082";"";"";"";"";"";"";"";""
"174083";"";"";"";"";"";"";"";""
"174084";"";"";"";"";"";"";"";""
"174085";"";"";"";"";"";"";"";""
"174086";"";"";"";"";"";"";"";""
"174087";"";"";"";"";"";"";"";""
"174088";"";"";"";"";"";"";"";""
"174089";"0";"3";"0";"0";"0";"0";"";""
"174090";"2";"18";"3";"1";"5";"6";"";""
"174091";"1";"2";"2";"0";"0";"15";"";""
"174092";"0";"2";"0";"0";"0";"10";"";""
"174093";"20";"10";"0";"0";"0";"30";"";""
"174094";"";"";"";"";"";"";"";""
"174095";"";"";"";"";"";"";"";""
"174096";"";"";"";"";"";"";"";""
"174097";"";"";"";"";"";"";"";""
"174098";"";"";"";"";"";"";"";""
"174099";"0";"15";"0";"0";"0";"50";"";""
"174100";"0";"2";"0";"7";"0";"30";"";""
"174101";"";"";"";"";"";"";"";""
"174102";"";"";"";"";"";"";"";""
"174103";"0";"2";"0";"0";"0";"0";"";""
"174105";"0";"2";"0";"1";"0";"0";"";""
"174106";"";"";"";"";"";"";"";""
"174107";"";"";"";"";"";"";"";""
"174108";"";"";"";"";"";"";"";""
"174110";"";"";"";"";"";"";"";""
"174111";"";"";"";"";"";"";"";""
"174112";"";"";"";"";"";"";"";""
"174113";"";"";"";"";"";"";"";""
"174114";"";"";"";"";"";"";"";""
"174115";"";"";"";"";"";"";"";""
"174116";"";"";"";"";"";"";"";""
"174117";"0";"7";"6";"0";"0";"30";"";""
"174118";"3";"0";"0";"0";"0";"0";"";""
"174119";"1";"4";"0";"0";"0";"0";"";""
"174120";"4";"32";"0";"0";"0";"20";"";""
"174121";"";"";"";"";"";"";"";""
"174122";"";"";"";"";"";"";"";""
"174123";"";"";"";"";"";"";"";""
"174124";"";"";"";"";"";"";"";""
"174125";"";"";"";"";"";"";"";""
"174126";"0";"15";"0";"3";"2";"15";"";""
"174127";"";"";"";"";"";"";"";""
"174128";"";"";"";"";"";"";"";""
"174131";"";"";"";"";"";"";"";""
"174133";"1";"10";"0";"0";"0";"0";"";""
"174134";"";"";"";"";"";"";"";""
"174135";"";"";"";"";"";"";"";""
"174136";"";"";"";"";"";"";"";""
"174137";"";"";"";"";"";"";"";""
"174138";"";"";"";"";"";"";"";""
"174139";"";"";"";"";"";"";"";""
"174140";"";"";"";"";"";"";"";""
"174141";"";"";"";"";"";"";"";""
"174142";"";"";"";"";"";"";"";""
"174143";"5";"11";"12";"0";"0";"0";"";""
"174144";"";"";"";"";"";"";"";""
"174145";"";"";"";"";"";"";"";""
"174146";"";"";"";"";"";"";"";""
"174147";"";"";"";"";"";"";"";""
"174148";"";"";"";"";"";"";"";""
"174149";"0";"2";"0";"0";"0";"15";"";""
"174150";"";"";"";"";"";"";"";""
"174151";"";"";"";"";"";"";"";""
"174152";"";"";"";"";"";"";"";""
"174157";"";"";"";"";"";"";"";""
"174158";"";"";"";"";"";"";"";""
"174159";"0";"0";"0";"0";"0";"50";"";""
"174160";"";"";"";"";"";"";"";""
"174161";"";"";"";"";"";"";"";""
"174162";"";"";"";"";"";"";"";""
"174163";"";"";"";"";"";"";"";""
"174164";"";"";"";"";"";"";"";""
"174165";"0";"3";"0";"0";"0";"50";"";""
"174166";"";"";"";"";"";"";"";""
"174167";"";"";"";"";"";"";"";""
"174168";"";"";"";"";"";"";"";""
"174169";"";"";"";"";"";"";"";""
"174170";"";"";"";"";"";"";"";""
"174171";"";"";"";"";"";"";"";""
"174172";"";"";"";"";"";"";"";""
"174173";"";"";"";"";"";"";"";""
"174174";"";"";"";"";"";"";"";""
"174175";"";"";"";"";"";"";"";""
"174176";"";"";"";"";"";"";"";""
"174177";"";"";"";"";"";"";"";""
"174178";"";"";"";"";"";"";"";""
"174179";"";"";"";"";"";"";"";""
"174183";"12";"500";"6";"4";"0";"120";"";""
"174185";"";"";"";"";"";"";"";""
"174186";"";"";"";"";"";"";"";""
"174187";"";"";"";"";"";"";"";""
"174188";"2";"3";"3";"0";"0";"0";"";""
"174189";"";"";"";"";"";"";"";""
"174190";"0";"3";"0";"0";"0";"0";"";""
"174191";"9";"0";"0";"0";"0";"0";"";""
"174192";"1";"4";"0";"0";"0";"20";"";""
"174193";"";"";"";"";"";"";"";""
"174194";"";"";"";"";"";"";"";""
"174195";"";"";"";"";"";"";"";""
"174196";"";"";"";"";"";"";"";""
"174197";"";"";"";"";"";"";"";""
"174198";"";"";"";"";"";"";"";""
"174200";"";"";"";"";"";"";"";""
"174201";"";"";"";"";"";"";"";""
"174203";"";"";"";"";"";"";"";""
"174204";"0";"0";"0";"0";"0";"40";"";""
"174205";"";"";"";"";"";"";"";""
"174206";"";"";"";"";"";"";"";""
"174207";"";"";"";"";"";"";"";""
"174208";"";"";"";"";"";"";"";""
"174209";"0";"18";"0";"10";"0";"6";"";""
"174210";"";"";"";"";"";"";"";""
"174211";"";"";"";"";"";"";"";""
"174212";"";"";"";"";"";"";"";""
"174213";"";"";"";"";"";"";"";""
"174214";"";"";"";"";"";"";"";""
"174215";"0";"5";"0";"0";"0";"0";"";""
"174216";"0";"5";"0";"0";"0";"0";"";""
"174217";"";"";"";"";"";"";"";""
"174218";"1";"0";"0";"0";"0";"0";"";""
"174219";"";"";"";"";"";"";"";""
"174220";"2";"1";"0";"0";"10";"4";"";""
"174221";"";"";"";"";"";"";"";""
"174222";"";"";"";"";"";"";"";""
"174223";"";"";"";"";"";"";"";""
"174224";"";"";"";"";"";"";"";""
"174225";"";"";"";"";"";"";"";""
"174226";"";"";"";"";"";"";"";""
"174227";"";"";"";"";"";"";"";""
"174228";"2";"3";"0";"0";"0";"0";"";""
"174229";"0";"0";"10";"20";"0";"0";"";""
"174230";"0";"3";"0";"0";"0";"0";"";""
"174231";"4";"0";"0";"0";"0";"0";"";""
"174232";"";"";"";"";"";"";"";""
"174233";"";"";"";"";"";"";"";""
"174234";"";"";"";"";"";"";"";""
"174235";"";"";"";"";"";"";"";""
"174236";"";"";"";"";"";"";"";""
"174237";"";"";"";"";"";"";"";""
"174238";"";"";"";"";"";"";"";""
"174239";"";"";"";"";"";"";"";""
"174240";"";"";"";"";"";"";"";""
"174241";"";"";"";"";"";"";"";""
"174242";"";"";"";"";"";"";"";""
"174244";"2";"3";"0";"0";"0";"0";"";""
"174245";"";"";"";"";"";"";"";""
"174246";"";"";"";"";"";"";"";""
"174247";"";"";"";"";"";"";"";""
"174248";"";"";"";"";"";"";"";""
"174249";"";"";"";"";"";"";"";""
"174250";"";"";"";"";"";"";"";""
"174252";"";"";"";"";"";"";"";""
"174253";"";"";"";"";"";"";"";""
"174255";"";"";"";"";"";"";"";""
"174256";"";"";"";"";"";"";"";""
"174257";"";"";"";"";"";"";"";""
"174258";"";"";"";"";"";"";"";""
"174259";"";"";"";"";"";"";"";""
"174260";"";"";"";"";"";"";"";""
"174261";"";"";"";"";"";"";"";""
"174262";"";"";"";"";"";"";"";""
"174263";"";"";"";"";"";"";"";""
"174264";"";"";"";"";"";"";"";""
"174265";"";"";"";"";"";"";"";""
"174266";"";"";"";"";"";"";"";""
"174267";"";"";"";"";"";"";"";""
"174268";"";"";"";"";"";"";"";""
"174269";"";"";"";"";"";"";"";""
"174270";"";"";"";"";"";"";"";""
"174272";"";"";"";"";"";"";"";""
"174273";"";"";"";"";"";"";"";""
"174274";"55";"50";"0";"0";"0";"10";"";""
"174275";"2";"50";"0";"8";"0";"0";"";""
"174276";"0";"3";"5";"0";"0";"20";"";""
"174277";"0";"0";"0";"0";"0";"20";"";""
"174278";"3";"0";"0";"50";"0";"0";"";""
"174279";"1";"0";"0";"0";"0";"50";"";""
"174280";"3";"0";"3";"0";"0";"30";"";""
"174281";"0";"17";"0";"0";"0";"0";"";""
"174282";"17";"0";"15";"0";"0";"0";"";""
"174283";"";"";"";"";"";"";"";""
"174284";"";"";"";"";"";"";"";""
"174285";"";"";"";"";"";"";"";""
"174286";"0";"0";"10";"0";"0";"2";"";""
"174287";"0";"5";"0";"0";"0";"10";"";""
"174288";"1";"1";"0";"2";"0";"5";"";""
"174289";"0";"0";"10";"0";"0";"10";"";""
"174290";"10";"10";"10";"0";"3";"200";"";""
"174291";"";"";"";"";"";"";"";""
"174292";"";"";"";"";"";"";"";""
"174295";"1";"0";"0";"0";"0";"20";"";""
"174296";"1";"7";"0";"2";"0";"30";"";""
"174297";"";"";"";"";"";"";"";""
"174298";"";"";"";"";"";"";"";""
"174299";"";"";"";"";"";"";"";""
"174300";"";"";"";"";"";"";"";""
"174302";"";"";"";"";"";"";"";""
"174303";"";"";"";"";"";"";"";""
"174304";"";"";"";"";"";"";"";""
"174305";"";"";"";"";"";"";"";""
"174306";"";"";"";"";"";"";"";""
"174307";"";"";"";"";"";"";"";""
"174308";"";"";"";"";"";"";"";""
"174309";"";"";"";"";"";"";"";""
"174310";"";"";"";"";"";"";"";""
"174311";"";"";"";"";"";"";"";""
"174312";"";"";"";"";"";"";"";""
"174313";"0";"5";"0";"0";"0";"0";"";""
"174314";"";"";"";"";"";"";"";""
"174315";"";"";"";"";"";"";"";""
"174316";"";"";"";"";"";"";"";""
"174317";"";"";"";"";"";"";"";""
"174318";"";"";"";"";"";"";"";""
"174319";"";"";"";"";"";"";"";""
"174320";"";"";"";"";"";"";"";""
"174321";"";"";"";"";"";"";"";""
